scenario,parameter,value,d_kg,l_kg,z,incremental_profit
connection_only,W,1,0.0,0.0,0.0,0.0
connection_only,W,2,0.0,0.0,0.0,0.0
connection_only,W,3,2.5,0.0,1.0,5.0
connection_only,W,4,5.0,0.0,1.0,15.0
connection_only,W,5,5.0,1.6666666666666667,1.0,20.0
connection_only,W,6,5.0,3.3333333333333335,1.0,25.0
connection_only,W,8,5.0,3.3333333333333335,1.0,25.0
both_windows,W,1,0.0,0.0,0.0,0.0
both_windows,W,2,0.0,0.0,0.0,0.0
both_windows,W,3,2.5,0.0,1.0,5.0
both_windows,W,4,5.0,0.0,1.0,15.0
both_windows,W,5,5.0,1.6666666666666667,1.0,20.0
both_windows,W,6,5.0,3.3333333333333335,1.0,25.0
both_windows,W,7,5.0,4.375,1.0,28.125
both_windows,W,8,5.0,4.375,1.0,28.125
energy,G,.1,0.0,0.0,0.0,0.0
energy,G,.2,2.5,0.0,1.0,5.0
energy,G,.3,5.0,0.0,1.0,15.0
energy,G,.4,5.0,1.25,1.0,18.75
energy,G,.5,5.0,2.5,1.0,22.5
energy,G,.65,5.0,3.3333333333333335,1.0,25.0
fixed_cost,F,0,5.0,3.3333333333333335,1.0,30.0
fixed_cost,F,5,5.0,3.3333333333333335,1.0,25.0
fixed_cost,F,20,5.0,3.3333333333333335,1.0,10.0
fixed_cost,F,30,0.0,0.0,0.0,0.0
fixed_cost,F,40,0.0,0.0,0.0,0.0
